{
    "loss": 0.2831151783466339,
    "accuracy": 0.9482758641242981
}